GROUP,PACKAGE,CLASS,INSTRUCTION_MISSED,INSTRUCTION_COVERED,BRANCH_MISSED,BRANCH_COVERED,LINE_MISSED,LINE_COVERED,COMPLEXITY_MISSED,COMPLEXITY_COVERED,METHOD_MISSED,METHOD_COVERED
splate,com.github.mygreen.splate,MapSqlTemplateContext,36,61,5,3,5,18,6,5,2,5
splate,com.github.mygreen.splate,TwoWaySqlException,0,9,0,0,0,4,0,2,0,2
splate,com.github.mygreen.splate,EmptyValueSqlTemplateContext,4,3,0,0,1,1,1,1,1,1
splate,com.github.mygreen.splate,TemplateLoader,48,73,1,7,8,18,1,7,0,4
splate,com.github.mygreen.splate,BeanPropertySqlTemplateContext,19,18,3,1,4,7,3,2,1,2
splate,com.github.mygreen.splate,SqlUtils,67,287,15,37,15,64,13,21,0,8
splate,com.github.mygreen.splate,SqlTemplateEngine,19,144,4,8,1,28,4,14,0,12
splate,com.github.mygreen.splate,SqlTemplateContext,30,42,6,6,0,12,6,4,0,4
splate,com.github.mygreen.splate,SqlTemplate,0,21,0,0,0,4,0,1,0,1
splate,com.github.mygreen.splate.type,TextConversionException,8,7,0,0,3,3,1,1,1,1
splate,com.github.mygreen.splate.type,SqlTemplateValueType,2,5,1,1,1,2,1,1,0,1
splate,com.github.mygreen.splate.type,SqlTypeConversionException,8,7,0,0,3,3,1,1,1,1
splate,com.github.mygreen.splate.type,SqlTemplateValueTypeRegistry.ValueTypeHolder,0,10,0,2,0,3,0,2,0,1
splate,com.github.mygreen.splate.type,SqlTemplateValueTypeRegistry,30,201,8,24,0,44,8,15,0,7
splate,com.github.mygreen.splate.node,SqlNode,18,12,0,0,5,5,1,2,1,2
splate,com.github.mygreen.splate.node,BindVariableNode,22,52,0,0,6,11,1,2,1,2
splate,com.github.mygreen.splate.node,ElseNode,14,11,0,0,4,5,1,2,1,2
splate,com.github.mygreen.splate.node,ParenBindVariableNode,55,163,6,12,14,36,7,7,2,3
splate,com.github.mygreen.splate.node,AbstractNode,0,104,0,4,0,25,0,10,0,8
splate,com.github.mygreen.splate.node,NodeProcessContext,0,91,0,0,0,23,0,8,0,8
splate,com.github.mygreen.splate.node,EmbeddedValueNode,22,79,1,3,6,15,2,3,1,2
splate,com.github.mygreen.splate.node,BeginNode,14,22,0,2,4,7,1,3,1,2
splate,com.github.mygreen.splate.node,ContainerNode,14,18,0,2,4,5,1,3,1,2
splate,com.github.mygreen.splate.node,NodeProcessException,0,45,0,0,0,9,0,3,0,3
splate,com.github.mygreen.splate.node,IfNode,26,46,0,4,7,13,1,4,1,2
splate,com.github.mygreen.splate.node,PrefixSqlNode,22,22,1,1,6,8,2,2,1,2
splate,com.github.mygreen.splate.parser,SqlParseException,0,45,0,0,0,9,0,3,0,3
splate,com.github.mygreen.splate.parser,SqlParser,41,527,16,57,6,116,15,46,0,23
splate,com.github.mygreen.splate.parser,SqlTokenizer,47,552,25,76,11,129,22,49,2,17
splate,com.github.mygreen.splate.parser,SqlTokenizer.TokenType,0,54,0,0,0,6,0,1,0,1
